sales_agent,manager,regional_office
Anna Snelling,Dustin Brinkmann,Central
Cecily Lampkin,Dustin Brinkmann,Central
Versie Hillebrand,Dustin Brinkmann,Central
Lajuana Vencill,Dustin Brinkmann,Central
Moses Frase,Dustin Brinkmann,Central
Jonathan Berthelot ,Melvin Marxen,Central
Marty Freudenburg,Melvin Marxen,Central
Gladys Colclough,Melvin Marxen,Central
Niesha Huffines,Melvin Marxen,central
Darcel Schlecht,Melvin Marxen,Central
Mei-Mei Johns,Melvin Marxen,Central
Violet Mclelland,Cara Losch,East
Corliss Cosme,Cara Losch,EAST
Rosie Papadopoulos,Cara Losch,East
Garret Kinder,Cara Losch,East
Wilburn Farren,Cara Losch,East
Elizabeth Anderson,Cara Losch,East
Daniell Hammack,Rocco Neubert,EAST
Cassey Cress,Rocco Neubert,East
Donn Cantrell,Rocco Neubert,East
Reed Clapper,Rocco Neubert,East
Boris Faz,Rocco Neubert,EAST
Natalya Ivanova,Rocco Neubert,East
Vicki Laflamme,Celia Rouche,West
Rosalina Dieter,Celia Rouche,west
Hayden Neloms,Celia Rouche,West
Markita Hansen,Celia Rouche,west
Elease Gluck ,Celia Rouche,West
Carol Thompson,Celia Rouche,west
James Ascencio,Summer Sewald,WEST
Kary Hendrixson ,Summer Sewald,WEST
Kami Bicknell,Summer Sewald,WEST
Zane Levy,Summer Sewald,West
Maureen Marcano,Summer Sewald,West
Carl Lin,Summer Sewald,West
